{"cameraMode":{"drawMode":0,"name":"Shaded","section":"Shading Mode"},"sceneLighting":true,"audioPlay":false,"sceneViewState":{"m_AlwaysRefresh":false,"showFog":true,"showSkybox":true,"showFlares":true,"showImageEffects":true,"showParticleSystems":true,"showVisualEffectGraphs":true,"m_FxEnabled":true},"in2DMode":false,"pivot":{"x":187.98312377929688,"y":35.28129196166992,"z":75.3245849609375},"rotation":{"x":0.04000304639339447,"y":0.5515636801719666,"z":-0.026495546102523805,"w":0.8327530026435852},"size":44.609840393066409,"orthographic":false}